id,first_name,last_name
1,Gloria,G.
2,Julia,H.
3,Rose,D.
4,Ralph,D.
5,Paul,N.
6,Marie,N.
7,Frank,S.
8,Kathryn,R.
9,Joan,P.
10,Diana,R.
11,Victor,K.
12,Diana,S.
13,Sarah,A.
14,Victor,T.
15,Diana,P.
16,Deborah,L.
17,Julia,W.
18,Rose,T.
19,Alice,C.
20,Paul,T.
21,Arthur,P.
22,Katherine,L.
23,Katherine,S.
24,Katherine,B.
25,Fred,F.
26,Norma,F.
27,Kathleen,T.
28,Ruth,B.
29,Evelyn,R.
30,Julia,L.
31,Judy,H.
32,Harold,M.
33,Ruth,N.
34,Fred,R.
35,Deborah,R.
36,Shawn,P.
37,Judy,B.
38,Judy,C.
39,Frank,C.
40,Ralph,S.
41,Henry,G.
42,Henry,C.
43,Kathleen,K.
44,Diana,T.
45,Arthur,P.
46,Ralph,G.
47,Norma,S.
48,Rose,J.
49,Grace,E.
50,Julia,L.
51,Gloria,J.
52,Jimmy,D.
53,Diana,L.
54,Sarah,N.
55,Kathryn,J.
56,Norma,E.
57,Diana,W.
58,Diana,L.
59,Grace,P.
60,Kathleen,T.
61,Edward,W.
62,Jimmy,M.
63,Edward,S.
64,Victor,G.
65,Evelyn,N.
66,Ruth,G.
67,Rose,T.
68,Adam,E.
69,Sarah,C.
70,Victor,R.
71,Judy,C.
72,Amy,E.
73,Ralph,J.
74,Alice,T.
75,Kathleen,L.
76,Evelyn,M.
77,Kathleen,A.
78,Michael,W.
79,Ralph,L.
80,Marie,N.
81,Todd,R.
82,Kathleen,W.
83,Julia,R.
84,Henry,W.
85,Anne,H.
86,Emily,W.
87,Anne,K.
88,Kathryn,T.
89,Gloria,R.
90,Henry,G.
91,Harold,S.
92,Gerald,K.
93,Shawn,D.
94,Sarah,J.
95,Kathryn,D.
96,Todd,N.
97,Jimmy,A.
98,Michael,L.
99,Katherine,C.
100,Emily,W.
